"id (S)","color (L)","earringElement (L)","earringPrice (N)","earringRemovedBgImg (S)","earringStyle (L)","earringThumbnailUrl (S)","shopName (S)","shopUrl (S)","earringName (S)"
"00001","[  { ""S"" : ""흰색"" }]","[  { ""S"" : ""다이아몬드"" }]","732000","https://res.cloudinary.com/ds1ru5ibz/image/upload/v1573387671/%EB%93%80%EC%97%90_%EC%B9%B4%EB%A5%B4%EB%85%B8%EC%82%AC_vimjcx.png","[  { ""S"" : ""우아"" },  { ""S"" : ""고급"" },  { ""S"" : ""세련"" }]","http://lond.co.kr/upload/prod/%EB%93%80%EC%97%90%20%EC%B9%B4%EB%A5%B4%EB%85%B8%EC%82%AC%20%EA%B7%80%EA%B1%B8%EC%9D%B4-2.jpg","lond","http://lond.co.kr/sub/product_detail.asp?idx=524","듀에 카르노사 귀걸이"
"00002","[  { ""S"" : ""흰색"" }]","[  { ""S"" : ""다이아몬드"" }]","1334000","https://res.cloudinary.com/ds1ru5ibz/image/upload/v1573387672/%EC%95%84%EB%A5%B4%EC%BD%94_znxg0u.png","[  { ""S"" : ""우아"" },  { ""S"" : ""고급"" },  { ""S"" : ""세련"" }]","http://lond.co.kr/upload/prod/%EC%95%84%EB%A5%B4%EC%BD%94%20%EA%B7%80%EA%B1%B8%EC%9D%B4-2.jpg","lond","http://lond.co.kr/sub/product_detail.asp?idx=516","아르코 귀걸이"
"00003","[  { ""S"" : ""핑크"" }]","[  { ""S"" : ""골드"" }]","732000","https://res.cloudinary.com/ds1ru5ibz/image/upload/v1573387672/%EB%B8%8C%EB%A0%88%EC%9D%B8103_puiww0.png","[  { ""S"" : ""독특"" },  { ""S"" : ""고급"" },  { ""S"" : ""섬세"" }]","http://lond.co.kr/upload/prod/%EC%99%80%EC%9D%B4%EC%A6%88103E-2(0).jpg","lond","http://lond.co.kr/sub/product_detail.asp?idx=165","와이즈103 귀걸이"
"00004","[  { ""S"" : ""핑크"" }]","[  { ""S"" : ""금"" }]","908000","https://res.cloudinary.com/ds1ru5ibz/image/upload/v1573387672/%EC%82%B0%ED%86%A0%EB%A6%AC%EB%8B%88_kyxxvp.png","[  { ""S"" : ""우아"" },  { ""S"" : ""세련"" }]","http://trishadia.com/web/product/medium/201903/70e8241f6081e30b4656098516c73af5.png","TRISHA","http://trishadia.com/product/detail_item.html?product_no=1286&cate_no=37&display_group=1","산토리니 ARCH_S-C 귀걸이"
"00005","[  { ""S"" : ""금색"" }]","[  { ""S"" : ""금"" }]","208000","https://res.cloudinary.com/ds1ru5ibz/image/upload/v1573387672/%EB%B3%BC%EB%A5%A8%ED%95%98%ED%8A%B8_nfalme.png","[  { ""S"" : ""우아"" },  { ""S"" : ""고급"" },  { ""S"" : ""세련"" }]","http://trishadia.com/web/product/medium/201810/d177a0e883777efbf8ed3028e8a4256f.png","TRISHA","http://trishadia.com/product/detail_item.html?product_no=937&cate_no=37&display_group=1","볼륨하트 귀걸이"
"00006","[  { ""S"" : ""핑크"" },  { ""S"" : ""블루"" }]","[  { ""S"" : ""금"" },  { ""S"" : ""탄생석"" }]","367000","https://res.cloudinary.com/ds1ru5ibz/image/upload/v1573387672/%EC%8A%A4%ED%83%88%EB%A6%AC_%ED%8F%AC%EC%9D%B8%ED%8A%B8_%ED%83%84%EC%9E%90%EB%82%98%EC%9D%B4%ED%8A%B8_%EA%B7%80%EA%B1%B8%EC%9D%B4_hda2il.png","[  { ""S"" : ""심플"" },  { ""S"" : ""세련"" }]","http://trishadia.com/web/product/medium/201810/f4757aade0bcf8634d1bdcdd2dac7cf3.png","TRISHA","http://trishadia.com/product/detail_item.html?product_no=1000&cate_no=37&display_group=1","스탈리 포인트 탄자나이트 귀걸이"
"00007","[  { ""S"" : ""은색"" }]","[  { ""S"" : ""은"" }]","73000","https://res.cloudinary.com/ds1ru5ibz/image/upload/v1573387671/K1415_yog0e0.png","[  { ""S"" : ""세련"" },  { ""S"" : ""심플"" }]","https://stonehenge.co.kr/admin/upload/STONE/AUTO/SH01/list_K1415[1].png","STONEHENGE","https://stonehenge.co.kr/index_subpage.html?mainwhat=3&collwhat=&itemwhat=CT02&optwhat=&pglinkidx=SH01&contuid=1038&gdlinkcode=K1415","K1415"
"00008","[  { ""S"" : ""핑크"" }]","[  { ""S"" : ""금"" }]","11000","https://res.cloudinary.com/ds1ru5ibz/image/upload/v1573387671/T1373_sqz5tr.png","[  { ""S"" : ""세련"" },  { ""S"" : ""심플"" }]","https://stonehenge.co.kr/admin/upload/STONE/AUTO/SH01/list_T1373-r[1].png","STONEHENGE","https://stonehenge.co.kr/index_subpage.html?mainwhat=3&collwhat=&itemwhat=CT02&optwhat=&pglinkidx=SH01&contuid=949&gdlinkcode=T1373","T1373"
"00009","[  { ""S"" : ""골드"" }]","[  { ""S"" : ""신주"" },  { ""S"" : ""골드도금"" }]","11000","https://res.cloudinary.com/ds1ru5ibz/image/upload/v1573388113/%EC%A0%9C%EB%8B%88%ED%8D%BC_%EA%B7%80%EA%B1%B8%EC%9D%B4_o7j8cq.png","[  { ""S"" : ""모던"" },  { ""S"" : ""트레디셔널"" }]","https://wingbling.co.kr/web/product/tiny/201909/a9f6cf4ca12d192cd49ef08178d10f60.gif","Wingbling","https://wingbling.co.kr/product/detail.html?product_no=2001&cate_no=180&display_group=1","제니퍼 귀걸이"
"00010","[  { ""S"" : ""골드"" },  { ""S"" : ""실버"" }]","[  { ""S"" : ""크리스탈"" },  { ""S"" : ""진주"" },  { ""S"" : ""신주"" },  { ""S"" : ""골드도금"" },  { ""S"" : ""백금도금"" }]","13000","https://res.cloudinary.com/ds1ru5ibz/image/upload/v1573388114/%EC%98%88%EB%BB%90%EC%84%9C_%EA%B7%B8%EB%9E%98_wzd9hn.png","[  { ""S"" : ""우아"" },  { ""S"" : ""순수"" },  { ""S"" : ""화려"" }]","https://wingbling.co.kr/web/product/tiny/201712/1330_shop1_783926.gif","Wingbling","https://wingbling.co.kr/product/detail.html?product_no=1330&cate_no=180&display_group=1","예뻐서그래 귀걸이"
"00011","[  { ""S"" : ""핑크"" },  { ""S"" : ""실버"" },  { ""S"" : ""골드"" }]","[  { ""S"" : ""크리스탈"" },  { ""S"" : ""CZ"" },  { ""S"" : ""신주"" },  { ""S"" : ""로즈골드도금"" },  { ""S"" : ""골드도금"" },  { ""S"" : ""백금도금"" }]","17500","https://res.cloudinary.com/ds1ru5ibz/image/upload/v1573388114/%EC%82%AC%EA%B3%84_eaiuam.png","[  { ""S"" : ""세련"" },  { ""S"" : ""화려"" },  { ""S"" : ""우아"" },  { ""S"" : ""모던"" },  { ""S"" : ""트레디셔널"" }]","https://wingbling.co.kr/web/product/tiny/201909/59c1158c4ad7c3e6df56c0437e0fcce2.gif","Wingbling","https://wingbling.co.kr/product/detail.html?product_no=1988&cate_no=180&display_group=1","사계 귀걸이"
"00012","[  { ""S"" : ""핑크"" }]","[  { ""S"" : ""크리스탈"" },  { ""S"" : ""CZ"" },  { ""S"" : ""신주"" },  { ""S"" : ""로즈골드도금"" },  { ""S"" : ""실버침"" }]","31800","https://res.cloudinary.com/ds1ru5ibz/image/upload/v1573389288/%EB%A7%A4%EC%A7%81%EC%95%84%EC%9B%8C_pqsbsq.png","[  { ""S"" : ""세련"" },  { ""S"" : ""모던"" }]","https://wingbling.co.kr/web/product/tiny/201909/1ea4816d40808ca2e9156b0d6fa5a7c7.gif","Wingbling","https://wingbling.co.kr/product/detail.html?product_no=2002&cate_no=180&display_group=1","매직아워 귀걸이"
"00013","[  { ""S"" : ""핑크"" },  { ""S"" : ""실버"" }]","[  { ""S"" : ""백금도금"" },  { ""S"" : ""CZ"" },  { ""S"" : ""신주"" },  { ""S"" : ""로즈골드도금"" },  { ""S"" : ""실버침"" }]","15000","https://res.cloudinary.com/ds1ru5ibz/image/upload/v1573389287/%EA%BD%83%ED%94%BC%EB%8A%94_eyqwen.png","[  { ""S"" : ""순수"" },  { ""S"" : ""우아"" },  { ""S"" : ""모던"" },  { ""S"" : ""트레디셔널"" }]","https://wingbling.co.kr/web/product/tiny/201909/63638cf5a566844c96709014658b4e96.gif","Wingbling","https://wingbling.co.kr/product/detail.html?product_no=1746&cate_no=180&display_group=1","꽃이피는날 귀걸이"
"00014","[  { ""S"" : ""골드"" }]","[  { ""S"" : ""티타늄침"" },  { ""S"" : ""CZ"" },  { ""S"" : ""신주"" },  { ""S"" : ""로즈골드도금"" }]","17000","https://res.cloudinary.com/ds1ru5ibz/image/upload/v1573389287/%EC%83%90%EB%A6%AC%EC%95%84%EB%82%98_yc5pas.png","[  { ""S"" : ""세련"" },  { ""S"" : ""우아"" }]","https://wingbling.co.kr/web/product/tiny/201909/ad8eca5291d26e472aba131d413bb81f.gif","Wingbling","https://wingbling.co.kr/product/detail.html?product_no=1747&cate_no=180&display_group=1","셀리아나 귀걸이"
"00015","[  { ""S"" : ""핑크"" },  { ""S"" : ""골드"" },  { ""S"" : ""실버"" }]","[  { ""S"" : ""백금도금"" },  { ""S"" : ""CZ"" },  { ""S"" : ""신주"" },  { ""S"" : ""로즈골드도금"" },  { ""S"" : ""실버침"" }]","22500","https://res.cloudinary.com/ds1ru5ibz/image/upload/v1573389287/%ED%94%8C%EB%A1%9C%EB%A0%8C%EC%8A%A4_wwvuis.png","[  { ""S"" : ""세련"" },  { ""S"" : ""우아"" }]","https://wingbling.co.kr/web/product/tiny/201811/2591476950bd447f415860a236a9c6de.jpg","Wingbling","https://wingbling.co.kr/product/detail.html?product_no=1600&cate_no=180&display_group=1","플로렌스 귀걸이"
"00016","[  { ""S"" : ""핑크"" },  { ""S"" : ""골드"" },  { ""S"" : ""실버"" }]","[  { ""S"" : ""합성석"" },  { ""S"" : ""CZ"" },  { ""S"" : ""신주"" },  { ""S"" : ""로즈골드도금"" },  { ""S"" : ""실버침"" },  { ""S"" : ""골드도금"" },  { ""S"" : ""백금도금"" }]","29500","https://res.cloudinary.com/ds1ru5ibz/image/upload/v1573389287/%EB%A3%A8%EB%82%98%EC%9D%B4%ED%8E%99_cvztwn.png","[  { ""S"" : ""세련"" },  { ""S"" : ""모던"" },  { ""S"" : ""트레디셔널"" }]","https://wingbling.co.kr/web/product/tiny/201910/67560460cae56fba90ecea20651c0deb.gif","Wingbling","https://wingbling.co.kr/product/detail.html?product_no=1548&cate_no=180&display_group=1","루나이펙트 귀걸이"
"00017","[  { ""S"" : ""핑크"" },  { ""S"" : ""골드"" },  { ""S"" : ""실버"" }]","[  { ""S"" : ""합성석"" },  { ""S"" : ""CZ"" },  { ""S"" : ""신주"" },  { ""S"" : ""흑진주도금"" },  { ""S"" : ""실버침"" },  { ""S"" : ""골드도금"" }]","19500","https://res.cloudinary.com/ds1ru5ibz/image/upload/v1573389613/%EA%B0%80%EC%9D%84%EB%82%AD%EB%A7%8C%EA%B8%B8_noa6qh.png","[  { ""S"" : ""세련"" },  { ""S"" : ""심플"" },  { ""S"" : ""순수"" },  { ""S"" : ""모던"" }]","https://wingbling.co.kr/web/product/tiny/201910/78dd4e04f52b7c230e703f787d7247e3.gif","Wingbling","https://wingbling.co.kr/product/detail.html?product_no=2025&cate_no=180&display_group=1","가을낭만길 귀걸이"
"00018","[  { ""S"" : ""핑크"" },  { ""S"" : ""골드"" }]","[  { ""S"" : ""골드도금"" },  { ""S"" : ""CZ"" },  { ""S"" : ""신주"" },  { ""S"" : ""진주"" },  { ""S"" : ""실버침"" },  { ""S"" : ""로즈골드도금"" }]","26500","https://res.cloudinary.com/ds1ru5ibz/image/upload/v1573389613/%EC%95%84%EC%9D%B4%EC%97%98%EB%A3%A8%EB%82%98_t0gwu2.png","[  { ""S"" : ""세련"" },  { ""S"" : ""심플"" }]","https://wingbling.co.kr/web/product/tiny/201910/f2bc2bd2aff2245ad578bb4caf5c6b8f.gif","Wingbling","https://wingbling.co.kr/product/detail.html?product_no=2047&cate_no=180&display_group=1","아리엘루나 귀걸이"
"00019","[  { ""S"" : ""핑크"" },  { ""S"" : ""실버"" }]","[  { ""S"" : ""크리스탈"" },  { ""S"" : ""신주"" },  { ""S"" : ""백금도금"" },  { ""S"" : ""실버침"" },  { ""S"" : ""골드도금"" },  { ""S"" : ""로즈골드도금"" }]","13500","https://res.cloudinary.com/ds1ru5ibz/image/upload/v1573389613/%EC%81%98%EB%9D%A0_ocylos.png","[  { ""S"" : ""세련"" },  { ""S"" : ""우아"" },  { ""S"" : ""화려"" }]","https://wingbling.co.kr/web/product/tiny/201810/60a60278985528e0ab89f9b8be5d862a.gif","Wingbling","https://wingbling.co.kr/product/detail.html?product_no=1565&cate_no=180&display_group=1","쁘띠드레스 귀걸이"
"00020","[  { ""S"" : ""핑크"" },  { ""S"" : ""골드"" }]","[  { ""S"" : ""큐빅"" },  { ""S"" : ""신주"" },  { ""S"" : ""실버침"" },  { ""S"" : ""골드도금"" },  { ""S"" : ""로즈골드도금"" }]","14000","https://res.cloudinary.com/ds1ru5ibz/image/upload/v1573389613/%ED%97%A4%EC%9D%B4%EB%AF%B8%EC%89%AC_lukkjf.png","[  { ""S"" : ""모던"" },  { ""S"" : ""심플"" },  { ""S"" : ""우아"" }]","https://wingbling.co.kr/web/product/tiny/201903/f30d48cd7add4943be57c641fc28b68e.gif","Wingbling","https://wingbling.co.kr/product/detail.html?product_no=1726&cate_no=180&display_group=1","헤이미쉬 귀걸이"
"00021","[  { ""S"" : ""핑크"" }]","[  { ""S"" : ""문스톤"" },  { ""S"" : ""신주"" },  { ""S"" : ""실버침"" },  { ""S"" : ""CZ"" },  { ""S"" : ""로즈골드도금"" }]","49500","https://res.cloudinary.com/ds1ru5ibz/image/upload/v1573389613/%EB%B9%85%ED%86%A0%EB%A6%AC%EC%95%84_w7cmhy.png","[  { ""S"" : ""세련"" },  { ""S"" : ""화려"" },  { ""S"" : ""우아"" },  { ""S"" : ""트레디셔널"" }]","https://wingbling.co.kr/web/product/tiny/201908/e88b1435a4f78b7828334923bdf7af9b.jpg","Wingbling","https://wingbling.co.kr/product/detail.html?product_no=1959&cate_no=180&display_group=1","빅토리아 귀걸이"
"00022","[  { ""S"" : ""핑크"" }]","[  { ""S"" : ""진주"" },  { ""S"" : ""신주"" },  { ""S"" : ""실버침"" },  { ""S"" : ""CZ"" },  { ""S"" : ""골드도금"" },  { ""S"" : ""로즈골드도금"" },  { ""S"" : ""백금도금"" }]","14000","https://res.cloudinary.com/ds1ru5ibz/image/upload/v1573389916/%EB%8B%AC%EC%9D%98%EC%97%AC%EC%8B%A0_rngnyz.png","[  { ""S"" : ""단아"" },  { ""S"" : ""심플"" },  { ""S"" : ""우아"" }]","https://wingbling.co.kr/web/product/tiny/201907/7aedd83699a5bba00fd1e84ab90ee86c.webp","Wingbling","https://wingbling.co.kr/product/detail.html?product_no=1903&cate_no=180&display_group=1","달의여신 루나 귀걸이"
"00023","[  { ""S"" : ""핑크"" }]","[  { ""S"" : ""CZ"" },  { ""S"" : ""신주"" },  { ""S"" : ""실버침"" },  { ""S"" : ""합성석"" },  { ""S"" : ""로즈골드도금"" }]","15700","https://res.cloudinary.com/ds1ru5ibz/image/upload/v1573389916/%EB%9D%BC%EB%B2%A4%EB%8D%94%EB%B8%94%EB%A3%B8_azs0zt.png","[  { ""S"" : ""순수"" },  { ""S"" : ""모던플"" },  { ""S"" : ""우아"" }]","https://wingbling.co.kr/web/product/tiny/201907/b591c1043b6a420a9d2f9022e7b5bf8d.webp","Wingbling","https://wingbling.co.kr/product/detail.html?product_no=1868&cate_no=180&display_group=1","라벤더블룸 귀걸이"
"00024","[  { ""S"" : ""실버"" }]","[  { ""S"" : ""크리스탈"" },  { ""S"" : ""신주"" },  { ""S"" : ""진주"" },  { ""S"" : ""실버침"" },  { ""S"" : ""백금도금"" },  { ""S"" : ""엔틱도금"" },  { ""S"" : ""로즈골드도금"" }]","15500","https://res.cloudinary.com/ds1ru5ibz/image/upload/v1573389916/%EB%88%88%EA%BD%83_fav6jm.png","[  { ""S"" : ""순수"" },  { ""S"" : ""우아"" },  { ""S"" : ""화려"" },  { ""S"" : ""트레디셔널"" }]","https://wingbling.co.kr/web/product/tiny/201811/ed70bacd10dbc1b436b4f86a3ec4fa75.gif","Wingbling","https://wingbling.co.kr/product/detail.html?product_no=1586&cate_no=180&display_group=1","눈꽃처럼 귀걸이"
"00025","[  { ""S"" : ""실버"" }]","[  { ""S"" : ""실버도금"" },  { ""S"" : ""신주"" },  { ""S"" : ""실버침"" },  { ""S"" : ""골드도금"" }]","13500","https://res.cloudinary.com/ds1ru5ibz/image/upload/v1573389916/%EC%95%84%EB%A5%B4%EB%96%BC_gr7gfh.png","[  { ""S"" : ""세련"" },  { ""S"" : ""심플"" },  { ""S"" : ""순수"" }]","https://wingbling.co.kr/web/product/tiny/201907/ffb726e88dafc50c1587d1d97dd902ce.webp","Wingbling","https://wingbling.co.kr/product/detail.html?product_no=447&cate_no=180&display_group=1","아르떼 귀걸이"
"00026","[  { ""S"" : ""골드"" }]","[  { ""S"" : ""도금"" }]","36000","https://res.cloudinary.com/dls1qvean/image/upload/v1573299488/hiclipart.com_c9vr0w.png","[  { ""S"" : ""화려"" },  { ""S"" : ""우아"" }]","https://shop-phinf.pstatic.net/20190125_160/imiss6413_1548348983979i8G6d_JPEG/71655284573952946_967219687.jpg?type=m510","soo-soo","http://www.soo-soo.co.kr/shop/shopdetail.html?branduid=155980&xcode=001&mcode=004&scode=&type=X&sort=order&cur_code=001004&GfDT=bm97W1k%3D","닉스 원터치실버오링귀걸이"
"00027","[  { ""S"" : ""실버"" },  { ""S"" : ""골드"" }]","[  { ""S"" : ""진주"" },  { ""S"" : ""24k"" }]","5260","https://res.cloudinary.com/dls1qvean/image/upload/v1573299488/hiclipart.com_1_g14wka.png","[  { ""S"" : ""화려"" },  { ""S"" : ""모던"" },  { ""S"" : ""순수"" }]","http://www.soo-soo.co.kr/shopimages/fogo001/001002000342.jpg?1572334334","soo-soo","http://www.soo-soo.co.kr/shop/shopdetail.html?branduid=156699&xcode=001&mcode=002&scode=&type=X&sort=order&cur_code=001002&GfDT=amt3UF4%3D","쉐라론 진주링귀걸이"
"00028","[  { ""S"" : ""아이보리"" },  { ""S"" : ""블루"" },  { ""S"" : ""핑크"" }]","큐빅","9000","https://res.cloudinary.com/dls1qvean/image/upload/v1573299488/hiclipart.com_2_nfsw6q.png","[  { ""S"" : ""순수"" },  { ""S"" : ""트레디셔널"" }]","http://www.soo-soo.co.kr/shopimages/fogo001/001002000303.jpg?1560242104","soo-soo","http://www.soo-soo.co.kr/shop/shopdetail.html?branduid=155882&xcode=001&mcode=002&scode=&type=X&sort=order&cur_code=001002&GfDT=a2p3U10%3D","샤에르 스톤링귀걸이"
"00029","[  { ""S"" : ""실버"" },  { ""S"" : ""골드"" }]","[  { ""S"" : ""18k"" },  { ""S"" : ""24k"" }]","5900","https://res.cloudinary.com/dls1qvean/image/upload/v1573299488/pngguru.com_lhham2.png","[  { ""S"" : ""심플"" },  { ""S"" : ""우아"" },  { ""S"" : ""모던"" },  { ""S"" : ""순수"" },  { ""S"" : ""화려"" },  { ""S"" : ""트레디셔널"" }]","http://www.soo-soo.co.kr/shopimages/fogo001/001004000447.jpg?1570341795","soo-soo","http://www.soo-soo.co.kr/shop/shopdetail.html?branduid=155980&xcode=001&mcode=004&scode=&type=X&sort=order&cur_code=001004&GfDT=bm97W1k%3D","우아핏 무광오픈링귀걸이"
"00030","[  { ""S"" : ""실버"" },  { ""S"" : ""골드"" }]","[  { ""S"" : ""18k"" },  { ""S"" : ""24k"" }]","9000","https://res.cloudinary.com/dls1qvean/image/upload/v1573299488/pngguru.1com_k60msj.png","[  { ""S"" : ""심플"" },  { ""S"" : ""우아"" },  { ""S"" : ""모던"" },  { ""S"" : ""순수"" },  { ""S"" : ""트레디셔널"" }]","http://www.soo-soo.co.kr/shopimages/fogo001/001002000270.jpg?1549008271","soo-soo","http://www.soo-soo.co.kr/shop/shopdetail.html?branduid=155022&search=%25B8%25C5%25C6%25BC%2B%25BD%25BA%25C4%25F9%25BE%25EE%25B8%25B5%25B1%25CD%25B0%25C9%25C0%25CC&sort=order&xcode=001&mcode=002&scode=&GfDT=Z253UQ%3D%3D","매티 스퀘어링귀걸이"
"00031","[  { ""S"" : ""실버"" },  { ""S"" : ""핑크"" }]","[  { ""S"" : ""14k"" },  { ""S"" : ""크리스탈"" }]","11800","https://res.cloudinary.com/dls1qvean/image/upload/v1573299487/pngguru.com_2_twgxnf.png","[  { ""S"" : ""우아"" },  { ""S"" : ""모던"" },  { ""S"" : ""트레디셔널"" }]","http://www.soo-soo.co.kr/shopimages/fogo001/001005002431.jpg?1569226853","soo-soo","http://www.soo-soo.co.kr/shop/shopdetail.html?branduid=156516&search=%25BF%25A1%25B8%25A3%25C4%25DA%2B%25BF%25FE%25C0%25CC%25BA%25EA%25B5%25E5%25B7%25D3%25B1%25CD%25B0%25C9%25C0%25CC&sort=order&xcode=001&mcode=005&scode=&GfDT=bm9%2FW1w%3D","에르코 웨이브드롭귀걸이"
"00032","[  { ""S"" : ""골드"" }]","[  { ""S"" : ""진주"" },  { ""S"" : ""14k"" },  { ""S"" : ""큐빅"" }]","70550","https://res.cloudinary.com/dls1qvean/image/upload/v1573299487/kisspng-earring-jewellery-diamond-cut-cubic-zirconia-diamonds-5ac82189974cc4.8592439415230652256197_tomt7w.png","[  { ""S"" : ""모던"" },  { ""S"" : ""우아"" }]","http://www.rurugold.com/shopimages/rurugold/002003000076.jpg?1550128474","rurugold","http://www.rurugold.com/shop/shopdetail.html?branduid=1446&xcode=002&mcode=003&scode=&type=X&sort=manual&cur_code=002003&GfDT=bGV9","14k 진주 포인트 엘리바스 침형 귀걸이 E12-67"
"00033","[  { ""S"" : ""실버"" }]","[  { ""S"" : ""진주"" },  { ""S"" : ""14k"" }]","53500","https://res.cloudinary.com/dls1qvean/image/upload/v1573299487/pngguru.com_1_p0s729.png","[  { ""S"" : ""순수"" },  { ""S"" : ""모던"" },  { ""S"" : ""우아"" }]","http://www.rurugold.com/shopimages/rurugold/002003000108.jpg?1549001767","rurugold","http://www.rurugold.com/shop/shopdetail.html?branduid=178425&xcode=002&mcode=003&scode=&type=X&sort=manual&cur_code=002003&GfDT=Zmx3WQ%3D%3D","14k 로렐 진주 침형 귀걸이 E21-16"
"00034","[  { ""S"" : ""실버"" }]","[  { ""S"" : ""진주"" },  { ""S"" : ""14k"" }]","50150","https://res.cloudinary.com/dls1qvean/image/upload/v1573299487/pngguru.com_3_u123sy.png","[  { ""S"" : ""순수"" },  { ""S"" : ""모던"" },  { ""S"" : ""우아"" }]","http://www.rurugold.com/shopimages/rurugold/002003000021.jpg?1548651941","rurugold","http://www.rurugold.com/shop/shopdetail.html?branduid=3015&xcode=002&mcode=003&scode=&type=X&sort=manual&cur_code=002003&GfDT=bm57W1pC","14K 8mm엘리바스 리본진주 침형 귀걸이 E16-28"
"00035","[  { ""S"" : ""옐로우골드"" }]","[  { ""S"" : ""진주"" },  { ""S"" : ""14k"" }]","53550","https://res.cloudinary.com/dls1qvean/image/upload/v1573299486/kisspng-chanel-japanese-camellia-earring-jewellery-bracele-gold-jewelry-5aa3d60d5ae327.3233939415206866053723_rvre6d.png","[  { ""S"" : ""순수"" },  { ""S"" : ""모던"" },  { ""S"" : ""우아"" },  { ""S"" : ""트레디셔널"" }]","http://www.rurugold.com/shopimages/rurugold/002003000047.jpg?1548033124","rurugold","http://www.rurugold.com/shop/shopdetail.html?branduid=2210&xcode=002&mcode=003&scode=&type=X&sort=manual&cur_code=002003&GfDT=bmp0W1tE","14k 샤르망 7mm진주 침형 귀걸이 E14-37"
"00036","[  { ""S"" : ""실버"" }]","[  { ""S"" : ""진주"" },  { ""S"" : ""14k"" }]","62900","https://res.cloudinary.com/dls1qvean/image/upload/v1573299486/kisspng-earring-chanel-costume-jewelry-pearl-jewellery-cat-5acdce46ec7810.5705744715234371269686_ix2szm.png","[  { ""S"" : ""순수"" },  { ""S"" : ""모던"" },  { ""S"" : ""우아"" },  { ""S"" : ""화려"" }]","http://www.rurugold.com/shopimages/rurugold/002003000109.jpg?1548904301","rurugold","http://www.rurugold.com/shop/shopdetail.html?branduid=178412&xcode=002&mcode=003&scode=&type=X&sort=manual&cur_code=002003&GfDT=bW13U1w%3D","14k 로이 진주 침형 귀걸이 E21-09"
"00037","[  { ""S"" : ""옐로우골드"" }]","[  { ""S"" : ""진주"" },  { ""S"" : ""14k"" }]","45050","https://res.cloudinary.com/dls1qvean/image/upload/v1573299486/kisspng-earring-cartier-jewellery-gold-diamond-earring-5abd067d607a86.8411025115223374053952_pp833m.png","[  { ""S"" : ""순수"" },  { ""S"" : ""모던"" },  { ""S"" : ""우아"" },  { ""S"" : ""트레디셔널"" }]","http://www.rurugold.com/shopimages/rurugold/002003000093.jpg?1550029405","rurugold","http://www.rurugold.com/shop/shopdetail.html?branduid=2211&xcode=002&mcode=003&scode=&type=X&sort=manual&cur_code=002003&GfDT=bm18W19C","14k 러블리하트 진주포인트 침형 귀걸이 E14-39"
"00038","[  { ""S"" : ""화이트"" }]","[  { ""S"" : ""진주"" },  { ""S"" : ""14k"" }]","30600","https://res.cloudinary.com/dls1qvean/image/upload/v1573299486/kisspng-earring-jewellery-gold-necklace-designer-golden-peacock-5ada219c71b477.9265975815242448924658_sdrvuy.png","[  { ""S"" : ""순수"" },  { ""S"" : ""모던"" },  { ""S"" : ""우아"" }]","http://www.rurugold.com/shopimages/rurugold/002003000119.jpg?1549507939","rurugold","http://www.rurugold.com/shop/shopdetail.html?branduid=268560&xcode=002&mcode=003&scode=&type=X&sort=manual&cur_code=002003&GfDT=bmx%2FW1hB","14k 플라워 담수진주 화이트 침형 귀걸이 E22-58"
"00039","[  { ""S"" : ""골드"" }]","[  { ""S"" : ""진주"" },  { ""S"" : ""14k"" }]","83300","https://res.cloudinary.com/dls1qvean/image/upload/v1573299486/kisspng-earring-body-jewellery-chanel-earring-5b42a3b427bd21.1419149115310939401628_cghzvl.png","[  { ""S"" : ""순수"" },  { ""S"" : ""모던"" },  { ""S"" : ""우아"" }]","http://www.rurugold.com/shopimages/rurugold/002003000059.jpg?1549002413","rurugold","http://www.rurugold.com/shop/shopdetail.html?branduid=1197&xcode=002&mcode=003&scode=&type=X&sort=manual&cur_code=002003&GfDT=bm19W1hC","14k 플라워 담수진주 화이트 침형 귀걸이 E22-58"
"00040","[  { ""S"" : ""골드"" }]","[  { ""S"" : ""진주"" },  { ""S"" : ""14k"" }]","55250","https://res.cloudinary.com/dls1qvean/image/upload/v1573299485/kisspng-chanel-no-5-earring-jewellery-fashion-gold-earrings-5ae2fba4f17ec8.4774866615248249969892_vzmb4b.png","[  { ""S"" : ""순수"" },  { ""S"" : ""모던"" },  { ""S"" : ""우아"" }]","http://www.rurugold.com/shopimages/rurugold/002003000070.jpg?1547802927","rurugold","http://www.rurugold.com/shop/shopdetail.html?branduid=46&xcode=002&mcode=003&scode=&type=X&sort=manual&cur_code=002003&GfDT=aGd3VlQ%3D","14k 진주 아비스 침형 귀걸이 E05-25"
"00041","[  { ""S"" : ""실버"" },  { ""S"" : ""골드"" },  { ""S"" : ""핑크골드"" }]","[  { ""S"" : ""큐빅"" },  { ""S"" : ""탄생석"" }]","11000","https://res.cloudinary.com/dls1qvean/image/upload/v1573299485/kisspng-earring-jewellery-tassel-tassel-earrings-5a950e0d9c2b45.9037902015197179016397_dz0pfu.png","[  { ""S"" : ""심플"" },  { ""S"" : ""우아"" },  { ""S"" : ""모던"" },  { ""S"" : ""트레디셔널"" }]","http://www.asmama.com/shopimages/asmamame/0560000108142.jpg?1570504675","asmama","http://www.asmama.com/shop/shopdetail.html?branduid=335180&xcode=051&mcode=003&scode=&type=Y&sort=order&cur_code=051003&GfDT=bmh%2FW10%3D","르티샤 귀걸이 (실버침)"
"00042","[  { ""S"" : ""실버"" },  { ""S"" : ""골드"" },  { ""S"" : ""핑크골드"" }]","[  { ""S"" : ""진주"" },  { ""S"" : ""큐빅"" },  { ""S"" : ""도금"" }]","7000","https://res.cloudinary.com/dls1qvean/image/upload/v1573299485/hiclipart.com3_pn1v4d.png","[  { ""S"" : ""우아"" },  { ""S"" : ""모던"" },  { ""S"" : ""트레디셔널"" },  { ""S"" : ""순수"" },  { ""S"" : ""심플"" }]","http://www.asmama.com/shopimages/asmamame/0560000105042.jpg?1562122345","asmama","http://www.asmama.com/shop/shopdetail.html?branduid=334467&xcode=051&mcode=003&scode=&type=Y&sort=order&cur_code=051003&GfDT=amd3UFw%3D","웨일릿 귀걸이"
"00043","[  { ""S"" : ""실버"" }]","[  { ""S"" : ""14k"" },  { ""S"" : ""큐빅"" }]","56780","https://res.cloudinary.com/dls1qvean/image/upload/v1573299485/hiclipart.com_4_de7eb1.png","[  { ""S"" : ""심플"" },  { ""S"" : ""모던"" },  { ""S"" : ""트레디셔널"" },  { ""S"" : ""순수"" }]","http://www.goldria.net/shopimages/jewelrytop/0120010000182.jpg?1482718194","goldria","http://www.goldria.net/shop/shopdetail.html?branduid=360495&xcode=012&mcode=001&scode=&type=X&sort=order&cur_code=012001&GfDT=bmt0W1U%3D","14k 리아큐 귀걸이"
"00044","[  { ""S"" : ""실버"" },  { ""S"" : ""핑크"" }]","[  { ""S"" : ""14k"" }]","25330","https://res.cloudinary.com/dls1qvean/image/upload/v1573299485/kisspng-earring-imitation-gemstones-rhinestones-jeweller-tassel-5adfcfc609b5a7.2755877115246171580398_iphhwb.png","[  { ""S"" : ""심플"" },  { ""S"" : ""모던"" }]","http://www.goldria.net/shopimages/jewelrytop/0120010000032.jpg?1361162339","goldria","http://www.goldria.net/shop/shopdetail.html?branduid=119755&xcode=012&mcode=001&scode=&type=X&sort=order&cur_code=012001&GfDT=bm18W11G","14k 콩알하트 귀걸이"
"00045","[  { ""S"" : ""골드"" }]","[  { ""S"" : ""14k"" },  { ""S"" : ""도금"" }]","15000","https://res.cloudinary.com/dls1qvean/image/upload/v1573299485/clipart2102501_gftoof.png","[  { ""S"" : ""모던"" },  { ""S"" : ""우아"" },  { ""S"" : ""트레디셔널"" },  { ""S"" : ""심플"" }]","http://www.goldria.net/shopimages/jewelrytop/0120010000322.jpg?1500277140","goldria","http://www.goldria.net/shop/shopdetail.html?branduid=1092171&xcode=012&mcode=001&scode=&type=X&sort=order&cur_code=012001&GfDT=bGZ3UF0%3D","14k 롱타이니 귀걸이"
"00046","[  { ""S"" : ""핑크골드"" }]","[  { ""S"" : ""14k"" },  { ""S"" : ""도금"" }]","59330","https://res.cloudinary.com/dls1qvean/image/upload/v1573299485/pngguru.com_4_v5f6ry.png","[  { ""S"" : ""모던"" },  { ""S"" : ""우아"" },  { ""S"" : ""트레디셔널"" },  { ""S"" : ""심플"" }]","http://www.goldria.net/shopimages/jewelrytop/0120010000102.jpg?1455239424","goldria","http://www.goldria.net/shop/shopdetail.html?branduid=346897&xcode=012&mcode=001&scode=&type=X&sort=order&cur_code=012001&GfDT=bmt6W1Q%3D","14k 로지스틱 귀걸이"
"00047","[  { ""S"" : ""옐로우골드"" },  { ""S"" : ""핑크골드"" }]","[  { ""S"" : ""14k"" },  { ""S"" : ""18k"" },  { ""S"" : ""도금"" }]","67150","https://res.cloudinary.com/dls1qvean/image/upload/v1573299484/hiclipart.com_3_jdbax1.png","[  { ""S"" : ""모던"" },  { ""S"" : ""우아"" },  { ""S"" : ""트레디셔널"" }]","http://www.goldria.net/shopimages/jewelrytop/0120010000312.jpg?1494823384","goldria","http://www.goldria.net/shop/shopdetail.html?branduid=361605&xcode=012&mcode=001&scode=&type=X&sort=order&cur_code=012001&GfDT=amp3Uw%3D%3D","14k/18k 롱헤이스 귀걸이"
"00048","[  { ""S"" : ""옐로우골드"" }]","[  { ""S"" : ""14k"" },  { ""S"" : ""18k"" },  { ""S"" : ""큐빅"" }]","74900","https://res.cloudinary.com/dls1qvean/image/upload/v1573299484/hiclipart.com_5_opm6vb.png","[  { ""S"" : ""우아"" },  { ""S"" : ""트레디셔널"" },  { ""S"" : ""모던"" }]","http://www.junjewelry.com/shopimages/koreajisuk/126001000287.jpg?1505810421","junjewelry","http://www.junjewelry.com/shop/shopdetail.html?branduid=34950&xcode=126&mcode=001&scode=006&type=X&sort=manual&cur_code=126&GfDT=amd3UA%3D%3D",
"00049","[  { ""S"" : ""골드"" }]","[  { ""S"" : ""도금"" },  { ""S"" : ""14k"" }]","98400","https://res.cloudinary.com/dls1qvean/image/upload/v1573299484/hiclipart.com_7_v6srgv.png(171 kB)","[  { ""S"" : ""모던"" },  { ""S"" : ""우아"" },  { ""S"" : ""트레디셔널"" },  { ""S"" : ""심플"" }]","http://www.junjewelry.com/shopimages/koreajisuk/126001000385.jpg?1467710453","junjewelry","http://www.junjewelry.com/shop/shopdetail.html?branduid=37414&xcode=126&mcode=001&scode=006&type=X&sort=manual&cur_code=126&GfDT=Zm13VA%3D%3D","14K 시크로지 귀걸이"
"00050","[  { ""S"" : ""옐로우"" },  { ""S"" : ""화이트골드"" }]","[  { ""S"" : ""14k"" },  { ""S"" : ""18k"" },  { ""S"" : ""큐빅"" }]","78300","https://res.cloudinary.com/dls1qvean/image/upload/v1573299484/hiclipart.com_6_uhdbr3.png(45 kB)","[  { ""S"" : ""우아"" },  { ""S"" : ""트레디셔널"" },  { ""S"" : ""순수"" }]","http://www.junjewelry.com/shopimages/koreajisuk/126001000293.jpg?1570693341(67 kB)","junjewelry","http://www.junjewelry.com/shop/shopdetail.html?branduid=35091&xcode=126&mcode=001&scode=005&type=X&sort=manual&cur_code=126001&GfDT=bmp%2FW10%3D","14K/18K 나비엘프 귀걸이"
"00051","[  { ""S"" : ""실버"" },  { ""S"" : ""핑크"" },  { ""S"" : ""골드"" }]","[  { ""S"" : ""큐빅"" },  { ""S"" : ""신주"" },  { ""S"" : ""실버침"" },  { ""S"" : ""진주"" },  { ""S"" : ""골드도금"" },  { ""S"" : ""로즈골드도금"" },  { ""S"" : ""백금도금"" }]","13500","https://res.cloudinary.com/ds1ru5ibz/image/upload/v1573389917/%EB%AE%A4%ED%86%A0_ivqfwv.png","[  { ""S"" : ""모던"" },  { ""S"" : ""심플"" }]","https://wingbling.co.kr/web/product/tiny/201804/1385_shop1_369716.gif","Wingbling","https://wingbling.co.kr/product/detail.html?product_no=1385&cate_no=180&display_group=1","뮤토 귀걸이"
"00052","[  { ""S"" : ""오로라"" },  { ""S"" : ""레인보우"" }]","[  { ""S"" : ""크리스탈"" },  { ""S"" : ""무니켈침"" }]","8500","https://res.cloudinary.com/ds1ru5ibz/image/upload/v1573390324/%EB%A7%A4%EC%A7%81%EC%8A%A4%ED%80%98%EC%96%B4_qhzuhi.png","[  { ""S"" : ""세련"" },  { ""S"" : ""심플"" },  { ""S"" : ""트레디셔널"" }]","https://wingbling.co.kr/web/product/tiny/201908/631db29dd52d33d4ff78c2b7d725bbea.webp","Wingbling","https://wingbling.co.kr/product/detail.html?product_no=1921&cate_no=180&display_group=1","매직스퀘어 귀걸이"
"00053","[  { ""S"" : ""핑크"" }]","[  { ""S"" : ""합성석"" },  { ""S"" : ""신주"" },  { ""S"" : ""실버침"" },  { ""S"" : ""CZ"" },  { ""S"" : ""크리스탈"" },  { ""S"" : ""로즈골드도금"" }]","27800","https://res.cloudinary.com/ds1ru5ibz/image/upload/v1573390324/%EB%A1%9C%EC%A6%88%EB%B0%B8%EB%A6%AC_rnxz9c.png","[  { ""S"" : ""세련"" },  { ""S"" : ""우아"" },  { ""S"" : ""화려"" }]","https://wingbling.co.kr/web/product/tiny/201909/b59902db8b5eee86bcec85b7f9d6f4d3.gif","Wingbling","https://wingbling.co.kr/product/detail.html?product_no=2006&cate_no=180&display_group=1","로즈밸리 귀걸이"
"00054","[  { ""S"" : ""실버"" },  { ""S"" : ""핑크"" },  { ""S"" : ""골드"" }]","[  { ""S"" : ""CZ"" },  { ""S"" : ""신주"" },  { ""S"" : ""실버침"" },  { ""S"" : ""골드도금"" },  { ""S"" : ""핑크골드도금"" },  { ""S"" : ""백금도금"" }]","13500","https://res.cloudinary.com/ds1ru5ibz/image/upload/v1573390323/%EB%8D%B8%EB%9D%BC_wusbcf.png","[  { ""S"" : ""순수"" },  { ""S"" : ""심플"" }]","https://wingbling.co.kr/web/product/tiny/201903/2c50aca2250866fda8b89f245071f52c.gif","Wingbling","https://wingbling.co.kr/product/detail.html?product_no=1075&cate_no=180&display_group=1","델라 귀걸이"
"00055","[  { ""S"" : ""골드"" }]","[  { ""S"" : ""천연자개"" },  { ""S"" : ""신주"" },  { ""S"" : ""무니켈침"" },  { ""S"" : ""골드도금"" }]","13800","https://res.cloudinary.com/ds1ru5ibz/image/upload/v1573390323/%ED%81%B4%EB%9D%BC%EB%9D%BC_xmd4ht.png","[  { ""S"" : ""세련"" },  { ""S"" : ""모던"" },  { ""S"" : ""우아"" }]","https://wingbling.co.kr/web/product/tiny/201909/f721f6592df84aaa7a531518997729a5.gif","Wingbling","https://wingbling.co.kr/product/detail.html?product_no=2010&cate_no=180&display_group=1","클라라 귀걸이"
"00056","[  { ""S"" : ""실버"" },  { ""S"" : ""핑크"" },  { ""S"" : ""골드"" }]","[  { ""S"" : ""장미수정"" },  { ""S"" : ""신주"" },  { ""S"" : ""실버침"" },  { ""S"" : ""진주"" },  { ""S"" : ""골드도금"" },  { ""S"" : ""로즈골드도금"" },  { ""S"" : ""백금도금"" }]","13500","https://res.cloudinary.com/ds1ru5ibz/image/upload/v1573390323/%EC%95%A8%EB%A6%AC_pfmddl.png","[  { ""S"" : ""순수"" },  { ""S"" : ""모던"" }]","https://wingbling.co.kr/web/product/tiny/201707/1229_shop1_989708.gif","Wingbling","https://wingbling.co.kr/product/detail.html?product_no=1229&cate_no=180&display_group=1","앨리 탄생화 귀걸이"
"00057","[  { ""S"" : ""실버"" },  { ""S"" : ""골드"" }]","[  { ""S"" : ""CZ"" },  { ""S"" : ""신주"" },  { ""S"" : ""진주"" },  { ""S"" : ""백금도금"" }]","15000","https://res.cloudinary.com/ds1ru5ibz/image/upload/v1573390603/%EB%A7%88%EB%A6%AC%EC%95%88%EB%8A%90_qe1fqe.png","[  { ""S"" : ""세련"" },  { ""S"" : ""심플"" }]","https://wingbling.co.kr/web/product/tiny/201901/548f3337d4d62bf24a27c08eb6143846.jpg","Wingbling","https://wingbling.co.kr/product/detail.html?product_no=1685&cate_no=180&display_group=1","마리안느 귀걸이"
"00058","[  { ""S"" : ""실버"" },  { ""S"" : ""골드"" }]","[  { ""S"" : ""티타늄침"" },  { ""S"" : ""신주"" },  { ""S"" : ""진주"" },  { ""S"" : ""크리스탈"" },  { ""S"" : ""골드도금"" },  { ""S"" : ""백금도금"" }]","14000","https://res.cloudinary.com/ds1ru5ibz/image/upload/v1573390603/%EC%82%AC%EB%9E%91%EC%97%90%EB%B9%A0%EC%A0%B8_ms3fej.png","[  { ""S"" : ""순수"" },  { ""S"" : ""심플"" },  { ""S"" : ""트레디셔널"" }]","https://wingbling.co.kr/web/product/tiny/201712/1317_shop1_481255.gif","Wingbling","https://wingbling.co.kr/product/detail.html?product_no=1317&cate_no=180&display_group=1","사랑에 빠져 귀걸이"
"00059","[  { ""S"" : ""핑크"" }]","[  { ""S"" : ""실버침"" },  { ""S"" : ""신주"" },  { ""S"" : ""진주"" },  { ""S"" : ""CZ"" },  { ""S"" : ""로즈골드도금"" }]","14500","https://res.cloudinary.com/ds1ru5ibz/image/upload/v1573391016/%EC%BD%94%EB%8D%B8%EB%A6%AC%EC%95%84_tsxi7a.png","[  { ""S"" : ""단아"" },  { ""S"" : ""심플"" }]","https://wingbling.co.kr/web/product/tiny/201905/0bae0ccf07923567c1b97e67f41b22d2.gif","Wingbling","https://wingbling.co.kr/product/detail.html?product_no=1768&cate_no=180&display_group=1","코델리아 귀걸이"
"00060","[  { ""S"" : ""핑크"" }]","[  { ""S"" : ""실버침"" },  { ""S"" : ""합성석"" },  { ""S"" : ""신주"" },  { ""S"" : ""CZ"" },  { ""S"" : ""로즈골드도금"" }]","12000","https://res.cloudinary.com/ds1ru5ibz/image/upload/v1573390603/%EB%B2%A0%EB%A1%9C%EB%8B%88%EC%B9%B4_z96tke.png","[  { ""S"" : ""세련"" },  { ""S"" : ""우아"" },  { ""S"" : ""모던"" }]","https://wingbling.co.kr/web/product/tiny/201910/7cb7e58d9a9ec7a1f3a67acc742e3111.gif","Wingbling","https://wingbling.co.kr/product/detail.html?product_no=2060&cate_no=180&display_group=1","베로니카 귀걸이"
"00061","[  { ""S"" : ""핑크"" },  { ""S"" : ""실버"" }]","[  { ""S"" : ""실버침"" },  { ""S"" : ""신주"" },  { ""S"" : ""백금도금"" },  { ""S"" : ""CZ"" },  { ""S"" : ""로즈골드도금"" }]","14000","https://res.cloudinary.com/ds1ru5ibz/image/upload/v1573390603/%EC%95%84%EC%9D%B4%EB%A6%B0_nu1aad.png","[  { ""S"" : ""세련"" },  { ""S"" : ""화려"" },  { ""S"" : ""모던"" },  { ""S"" : ""우아"" }]","https://wingbling.co.kr/web/product/tiny/201908/265bb7114f7d9d36153cdfa209e4f76f.webp","Wingbling","https://wingbling.co.kr/product/detail.html?product_no=1950&cate_no=180&display_group=1","아이린 귀걸이"
